<?xml version="1.0" encoding="utf-8"?>
<extension version="2.5" type="plugin" group="j2store" method="upgrade">
    <name>sn Payment j2Store</name>
    <version>1.0</version>
    <creationDate>2017</creationDate>
    <author>sn</author>
    <authorEmail>sn</authorEmail>
    <authorUrl>sn</authorUrl>
    <copyright>2016 J2Store . All rights reserved. </copyright>
    <license>GNU General Public License v2 or later</license>
    <description>sn
	</description>
    <scriptfile>script.payment_sn.php</scriptfile>
    <files>
        <filename plugin="payment_sn">payment_sn.php</filename>
        <filename>payment_sn.xml</filename>
        <filename>index.html</filename>
        <folder>payment_sn</folder>
    </files>

    <languages folder="language/fa-IR">
        <language tag="fa-IR">fa-IR.plg_j2store_payment_sn.ini</language>
        <language tag="fa-IR">fa-IR.plg_j2store_payment_sn.sys.ini</language>
    </languages>
    <config>
        <fields name="params">
            <fieldset name="basic">
                <field name="display_name" type="text" size="30" default="" label="j2store_plugin_display_name" description="j2store_plugin_display_name_desc"/>
                <field name="merchant_id" type="text" size="30" default="oJWKB" lable="Api" />
                <field name="payment_status" type="list" default="1" label="J2STORE_sn_PAYMENT_STATUS_LABEL" description="J2STORE_sn_PAYMENT_STATUS_DESC">
                    <option value="1">J2STORE_CONFIRMED</option>
                    <option value="4">J2STORE_PENDING</option>
                    <option value="3">J2STORE_FAILED</option>
                </field>
            </fieldset>
        </fields>
    </config>
</extension>